Jaquelyn Woodward,non@commodohendreritDonec.net,Fort Smith,7038
Tatiana Edwards,dolor.Fusce@commodoipsumSuspendisse.com,Ramsdonk,6951
Tatiana Nunez,ac.mattis.ornare@iaculisodio.edu,Rovereto,6291
Ori Hogan,sapien.Nunc.pulvinar@in.org,Sorradile,6844
Veda Long,lectus.pede@augue.ca,Salihli,2068
Karyn Lawson,mauris.sit.amet@nibhAliquam.org,Créteil,6667
Amber Lucas,sit.amet@leoVivamus.edu,Scarborough,9983
Nell Best,eleifend@nequevenenatis.com,Graneros,3231
Dora Franklin,per.inceptos.hymenaeos@malesuadafamesac.net,Oelegem,8695
Ivory Guerrero,mus.Proin@CurabiturmassaVestibulum.co.uk,Souvret,1568
Shelby Wallace,varius.Nam.porttitor@sapienimperdietornare.edu,Aiseau,1774
Ori Miller,ac@liberomaurisaliquam.net,St. Asaph,5764
Mia Santos,aliquam@loremsit.ca,Oetingen,4596
Mikayla Bradley,lacus.Quisque.purus@mauris.edu,La Salle,3015
Willow Elliott,faucibus@facilisisvitaeorci.edu,Eindhout,1914
Hanna Anderson,nisi@accumsan.co.uk,Pointe-du-Lac,3188
Leigh Guthrie,vehicula@sitametdapibus.edu,Truro,1293
Pascale Browning,luctus.felis.purus@velit.org,Bellevue,2611
Hayley Burnett,scelerisque.neque@suscipitnonummyFusce.edu,Modena,9328
Oprah Fleming,nunc@velpedeblandit.com,Aurora,1981
Althea Russell,gravida.nunc@Sedmalesuada.ca,Brussel,7552
Laurel Wilder,penatibus.et.magnis@est.com,Vanier,3699
Ivana Calhoun,adipiscing.ligula.Aenean@Phasellusdapibusquam.org,Eksaarde,1941
Sage Cooley,eleifend@arcuSedeu.ca,Tuscaloosa,2465
Emerald Pruitt,Nulla.interdum.Curabitur@risusodio.ca,Newark,5704
Violet Banks,Donec.nibh@elementumsemvitae.ca,Paiguano,6893
Frances Kelly,nascetur.ridiculus.mus@tempus.net,Springfield,6290
Melissa Holcomb,diam@egettinciduntdui.edu,Pumanque,9754
Imelda Donovan,ante.Nunc.mauris@arcuVivamus.co.uk,Pramaggiore,6818
Ivory Alvarado,arcu@ametlorem.edu,Herselt,9139
Giselle Marshall,eu.metus@blanditcongue.net,Vancouver,2114
Kameko Noel,luctus@tinciduntpede.net,Otricoli,3251
Aurora Knapp,vehicula.et@nasceturridiculusmus.co.uk,Saskatoon,6914
Odette Peterson,dis.parturient.montes@justo.com,Albiano,7061
Brenda Clay,semper.dui@aenimSuspendisse.org,Norman,5476
Shay Shepard,diam.eu@sociis.com,Chambord,2099
Wanda Burks,Sed@ligulatortor.com,Tumba,9346
Buffy Calhoun,ipsum@tristique.co.uk,Wilmont,2755
Gail Cain,Phasellus.vitae@semNulla.org,Pamplona,2955
Alisa Boyle,Integer@posuere.co.uk,Bochum,9511
Ifeoma Russell,dictum@ProinvelitSed.ca,Cabildo,6059
Chanda Greene,justo@aultriciesadipiscing.org,Ikot Ekpene,5079
Rosalyn Mckee,nisi.dictum@ad.co.uk,Molfetta,6495
Bryar Carey,quis@velitPellentesqueultricies.com,St. John's,5119
Germaine Bowers,auctor.non@pellentesqueegetdictum.org,Baie-d'Urf�,9149
Yoshi Rodriguez,lorem.sit.amet@vestibulumneceuismod.org,Haasdonk,9053
Sasha Bishop,vitae@acmetusvitae.ca,Nuneaton,9327
Serena Pope,orci.luctus@Nunc.co.uk,Côte Saint-Luc,5371
Chantale Ryan,ut.pellentesque.eget@parturient.edu,Tulsa,7047
Jessamine Hopper,massa@velitQuisquevarius.org,Warwick,6267
Irene Jefferson,Duis.gravida.Praesent@nuncestmollis.ca,Pointe-du-Lac,3059
Christen Gregory,nisi.sem.semper@antedictum.co.uk,Águas Lindas de Goiás,7383
Buffy Charles,a.arcu@nibhPhasellusnulla.com,Bareilly,1122
Indigo Holman,gravida.sagittis.Duis@molestiein.ca,Gravilias,6971
Ashely Guzman,gravida.molestie@ipsum.net,Wodonga,1330
Bianca Jacobson,Cras@euneque.net,Chicoutimi,9531
Kelsey Stokes,luctus@duiFusce.com,Clarksville,3427
Zephr Hays,quis@vitaemaurissit.net,Mesa,6680
Ramona Ferguson,Integer@pede.com,Châteauroux,1673
Myra Maynard,vitae.orci.Phasellus@iaculis.ca,Metairie,6559
Clare Harrison,at.libero.Morbi@fames.co.uk,Hastings,3356
Lavinia Solomon,et@Seddictum.net,Belfast,5335
Meghan Camacho,imperdiet.non@enim.org,Midnapore,5768
Kay Thompson,quis.diam@Integertincidunt.org,Nelson,4647
Alma Ramos,nunc.id@fermentumarcu.co.uk,Alkmaar,7073
Rae Knox,eros.Proin@eu.ca,Mission,3174
Michelle Stephenson,hendrerit@aliquetmetus.net,Leiden,7708
Jordan Stark,metus@lobortisquis.com,New Westminster,2239
Leandra Newton,Phasellus.fermentum.convallis@quamCurabitur.com,Monteleone di Spoleto,2947
Brooke Johnson,Vestibulum@dapibusligulaAliquam.co.uk,Vespolate,7239
Aubrey Soto,Vestibulum.ut.eros@tellusfaucibusleo.org,Zoerle-Parwijs,2984
Vera Norman,magnis@Naminterdumenim.ca,Tallahassee,5864
Freya Lindsay,et.magnis@nuncullamcorper.ca,Nieuwkerken-Waas,3092
Patricia Gregory,venenatis.vel.faucibus@egetvarius.co.uk,Bally,7516
Jacqueline Hooper,semper.egestas.urna@felisorciadipiscing.edu,Monte Patria,8192
Sierra Hyde,dictum@leoVivamus.ca,Heestert,4306
Quail Vance,pretium.aliquet@nisiaodio.org,Piła,4694
Desiree Clarke,odio.Aliquam@fermentum.edu,Castelvecchio Calvisio,9449
Germaine Stein,Donec.nibh.enim@ornarelibero.ca,Rutland,5779
Daryl Allen,nec.euismod@Praesent.ca,Tumbler Ridge,6755
Amena Morse,mi.Duis.risus@odioNaminterdum.co.uk,Lamorteau,7521
Darryl Robles,Integer@Phasellus.net,Görlitz,9433
Yvonne Travis,a.arcu@idenimCurabitur.edu,Algeciras,3643
Sydney Ellis,In.nec@velit.net,Montebelluna,7130
Gemma Sanchez,natoque@dolor.edu,Leuze,5130
Jorden Fry,pulvinar.arcu.et@Maurisblandit.org,Ninhue,3999
Lana Lynch,est@eteros.org,Cascavel,6574
Meredith Orr,Phasellus.at@risusDonec.net,Seattle,7693
Jane Sweet,dolor@fermentum.ca,Chatteris,5190
Maisie Hammond,turpis.non.enim@sitamet.net,Roccanova,4162
Venus Juarez,dolor@Fuscemi.org,Nuragus,4231
Uta Stevens,accumsan@Cumsociisnatoque.co.uk,Barahanagar,2336
Dana Livingston,Etiam.imperdiet.dictum@ettristiquepellentesque.co.uk,Putre,3815
Isabelle Perry,et.ultrices@necorci.org,Norderstedt,1394
Raya Mccarty,odio.tristique@Proinnisl.edu,Herne,8435
Aurora Snyder,Quisque@sit.ca,Liedekerke,3094
Veda Carson,sem.eget@ullamcorperviverra.net,Vallenar,2963
Blossom Rosa,vehicula@elit.net,Menai Bridge,8096
Florence Trevino,Sed@orci.edu,Nieuwerkerken,4345
Wendy Stevenson,vel.turpis@fermentummetus.edu,Brodick,2282